{
    "cameras": [
        {
            "fov": 35.0,
            "front": [
                -0.009274153038859367,
                -0.3048008978366852,
                0.9523710012435913
            ],
            "is_initialized": true,
            "name": "Generic_Camera",
            "position": [
                -0.20000000298023224,
                11.5,
                -33.5
            ],
            "rotation": {
                "pitch": -17.746185302734375,
                "yaw": 90.55792999267578
            },
            "sensitivity": 0.10000000149011612,
            "speed": 10.0,
            "up": [
                0.0,
                1.0,
                0.0
            ]
        }
    ],
    "id": 0,
    "name": "Base Scene",
    "objects": [
        {
            "object": {
                "albedo": 0.0,
                "base_color": {
                    "a": 1.0,
                    "b": 0.800000011920929,
                    "g": 0.800000011920929,
                    "r": 0.800000011920929
                },
                "mesh": "models/Crate1.obj",
                "metallic": 0.0,
                "name": "Base_Scene_Floor",
                "roughness": 1.0,
                "shader": {
                    "frag": "shaders/base_frag_shader.spv",
                    "vert": "shaders/base_vert_shader.spv"
                },
                "textures": [],
                "type": "Mesh_Object",
                "uuid": "4084e0058c52d17991f6f66e1db490b9"
            },
            "transform": {
                "position": [
                    0.0,
                    0.0,
                    0.0
                ],
                "rotation": [
                    0.0,
                    0.0,
                    0.0,
                    1.0
                ],
                "scale": [
                    10.0,
                    0.5,
                    10.0
                ]
            }
        },
        {
            "object": {
                "albedo": 0.0,
                "base_color": {
                    "a": 1.0,
                    "b": 0.20000000298023224,
                    "g": 0.20000000298023224,
                    "r": 0.20000000298023224
                },
                "mesh": "models/Crate1.obj",
                "metallic": 0.0,
                "name": "Base_Scene_Cube",
                "roughness": 1.0,
                "shader": {
                    "frag": "shaders/base_frag_shader.spv",
                    "vert": "shaders/base_vert_shader.spv"
                },
                "textures": [],
                "type": "Mesh_Object",
                "uuid": "3b636954c554b982a6c0b41ee2541117"
            },
            "transform": {
                "position": [
                    0.0,
                    2.0,
                    0.0
                ],
                "rotation": [
                    0.0,
                    0.0,
                    0.0,
                    1.0
                ],
                "scale": [
                    2.0,
                    2.0,
                    2.0
                ]
            }
        }
    ]
}