{
    "cameras": [
        {
            "fov": 35.0,
            "front": [
                -0.019090848043560982,
                -0.32797956466674805,
                0.9444919228553772
            ],
            "is_initialized": true,
            "name": "Generic_Camera",
            "position": [
                0.7971474528312683,
                10.333447456359863,
                -33.47984313964844
            ],
            "rotation": {
                "pitch": -19.146190643310547,
                "yaw": 91.15795135498047
            },
            "sensitivity": 0.10000000149011612,
            "speed": 10.0,
            "up": [
                0.0,
                1.0,
                0.0
            ]
        }
    ],
    "index": 0,
    "name": "Default_Scene",
    "objects": [
        {
            "object": {
                "albedo": 0.0,
                "base_color": {
                    "a": 1.0,
                    "b": 0.800000011920929,
                    "g": 0.800000011920929,
                    "r": 0.800000011920929
                },
                "is_static": true,
                "mesh": "Crate1.obj",
                "metallic": 0.0,
                "name": "Base_Scene_Floor",
                "roughness": 1.0,
                "shader": {
                    "frag": "base_frag_shader.spv",
                    "vert": "base_vert_shader.spv"
                },
                "textures": [],
                "type": "Mesh_Object",
                "uuid": "def3d4867207dd5435c300832978e181",
                "velocity": [
                    0.0,
                    -1.0,
                    0.0
                ]
            },
            "transform": {
                "position": [
                    0.0,
                    0.0,
                    0.0
                ],
                "rotation": [
                    0.0,
                    0.0,
                    0.0,
                    1.0
                ],
                "scale": [
                    10.0,
                    0.5,
                    10.0
                ]
            }
        },
        {
            "object": {
                "albedo": 0.0,
                "base_color": {
                    "a": 1.0,
                    "b": 0.20000000298023224,
                    "g": 0.20000000298023224,
                    "r": 0.20000000298023224
                },
                "is_static": false,
                "mesh": "Crate1.obj",
                "metallic": 0.0,
                "name": "Base_Scene_Cube",
                "roughness": 1.0,
                "shader": {
                    "frag": "base_frag_shader.spv",
                    "vert": "base_vert_shader.spv"
                },
                "textures": [],
                "type": "Mesh_Object",
                "uuid": "d85478e38bb641b2098ee3b28a2bc017",
                "velocity": [
                    0.0,
                    0.0,
                    0.0
                ]
            },
            "transform": {
                "position": [
                    0.0,
                    2.500243902206421,
                    0.0
                ],
                "rotation": [
                    0.0,
                    0.0,
                    0.0,
                    1.0
                ],
                "scale": [
                    2.0,
                    2.0,
                    2.0
                ]
            }
        }
    ]
}