{
    "cameras": [
        {
            "fov": 35.0,
            "front": [
                0.0469946451485157,
                -0.15441110730171204,
                0.9868884682655334
            ],
            "is_initialized": true,
            "name": "Generic_Camera",
            "position": [
                5.0,
                12.5,
                -30.0
            ],
            "rotation": {
                "pitch": -8.882643699645996,
                "yaw": 87.27368927001953
            },
            "sensitivity": 0.10000000149011612,
            "speed": 10.0,
            "up": [
                0.0,
                1.0,
                0.0
            ]
        }
    ],
    "id": 1,
    "name": "Bonus Scene",
    "objects": [
        {
            "object": {
                "albedo": 0.0,
                "base_color": {
                    "a": 1.0,
                    "b": 1.0,
                    "g": 1.0,
                    "r": 1.0
                },
                "mesh": "models/sphere.obj",
                "metallic": 0.0,
                "name": "Mesh_Object",
                "roughness": 1.0,
                "shader": {
                    "frag": "shaders/base_frag_shader.spv",
                    "vert": "shaders/base_vert_shader.spv"
                },
                "textures": [
                    "textures/viking_room.png"
                ],
                "type": "Mesh_Object",
                "uuid": "97a5ab520a141e8348e56e05ecf97f73"
            },
            "transform": {
                "position": [
                    2.0,
                    1.0,
                    0.0
                ],
                "rotation": [
                    0.0,
                    0.3826834559440613,
                    0.0,
                    0.9238795042037964
                ],
                "scale": [
                    1.0,
                    1.0,
                    1.0
                ]
            }
        }
    ]
}