{
    "cameras": [
        {
            "fov": 35.0,
            "front": [
                0.005629478022456169,
                -0.33292147517204285,
                0.9429378509521484
            ],
            "is_initialized": true,
            "name": "Generic_Camera",
            "position": [
                -0.20000000298023224,
                11.5,
                -33.5
            ],
            "rotation": {
                "pitch": -19.446191787719727,
                "yaw": 89.65794372558594
            },
            "sensitivity": 0.10000000149011612,
            "speed": 10.0,
            "up": [
                0.0,
                1.0,
                0.0
            ]
        }
    ],
    "index": 0,
    "name": "Default_Scene",
    "objects": [
        {
            "object": {
                "albedo": 0.0,
                "base_color": {
                    "a": 1.0,
                    "b": 0.800000011920929,
                    "g": 0.800000011920929,
                    "r": 0.800000011920929
                },
                "is_static": true,
                "mesh": "Crate1.obj",
                "metallic": 0.0,
                "name": "Base_Scene_Floor",
                "roughness": 1.0,
                "shader": {
                    "frag": "shaders/base_frag_shader.spv",
                    "vert": "shaders/base_vert_shader.spv"
                },
                "textures": [],
                "type": "Mesh_Object",
                "uuid": "83ba81f15c0a888ba0b235aedded3a6e"
            },
            "transform": {
                "position": [
                    0.0,
                    0.0,
                    0.0
                ],
                "rotation": [
                    0.0,
                    0.0,
                    0.0,
                    1.0
                ],
                "scale": [
                    10.0,
                    0.5,
                    10.0
                ]
            }
        },
        {
            "object": {
                "albedo": 0.0,
                "base_color": {
                    "a": 1.0,
                    "b": 0.20000000298023224,
                    "g": 0.20000000298023224,
                    "r": 0.20000000298023224
                },
                "is_static": false,
                "mesh": "Crate1.obj",
                "metallic": 0.0,
                "name": "Base_Scene_Cube",
                "roughness": 1.0,
                "shader": {
                    "frag": "shaders/base_frag_shader.spv",
                    "vert": "shaders/base_vert_shader.spv"
                },
                "textures": [],
                "type": "Mesh_Object",
                "uuid": "81b0a3639dffd03dd5eaba36848907ba"
            },
            "transform": {
                "position": [
                    0.0,
                    2.5103249549865723,
                    0.0
                ],
                "rotation": [
                    0.0,
                    0.0,
                    0.0,
                    1.0
                ],
                "scale": [
                    2.0,
                    2.0,
                    2.0
                ]
            }
        }
    ]
}