{
    "cameras": [
        {
            "fov": 35.0,
            "front": [
                0.7755600810050964,
                -0.22340986132621765,
                -0.5904189944267273
            ],
            "is_initialized": true,
            "name": "Generic_Camera",
            "position": [
                -24.46796226501465,
                5.042523384094238,
                18.55367088317871
            ],
            "rotation": {
                "pitch": -12.90938949584961,
                "yaw": 322.71868896484375
            },
            "sensitivity": 0.10000000149011612,
            "speed": 10.0,
            "up": [
                0.0,
                1.0,
                0.0
            ]
        }
    ],
    "id": 0,
    "name": "Base Scene",
    "objects": [
        {
            "object": {
                "albedo": 0.0,
                "base_color": {
                    "a": 1.0,
                    "b": 0.800000011920929,
                    "g": 0.800000011920929,
                    "r": 0.800000011920929
                },
                "mesh": "models/Crate1.obj",
                "metallic": 0.0,
                "name": "Base_Scene_Floor",
                "roughness": 1.0,
                "shader": {
                    "frag": "shaders/base_frag_shader.spv",
                    "vert": "shaders/base_vert_shader.spv"
                },
                "textures": [],
                "type": "Mesh_Object",
                "uuid": "30a08a31c83868d83c48313dae0ca0cb"
            },
            "transform": {
                "position": [
                    0.0,
                    0.0,
                    0.0
                ],
                "rotation": [
                    0.0,
                    0.0,
                    0.0,
                    1.0
                ],
                "scale": [
                    10.0,
                    0.5,
                    10.0
                ]
            }
        },
        {
            "object": {
                "albedo": 0.0,
                "base_color": {
                    "a": 1.0,
                    "b": 0.20000000298023224,
                    "g": 0.20000000298023224,
                    "r": 0.20000000298023224
                },
                "mesh": "models/Crate1.obj",
                "metallic": 0.0,
                "name": "Base_Scene_Cube",
                "roughness": 1.0,
                "shader": {
                    "frag": "shaders/base_frag_shader.spv",
                    "vert": "shaders/base_vert_shader.spv"
                },
                "textures": [],
                "type": "Mesh_Object",
                "uuid": "c2d31547e0ab030d54d4a2786fec9f5e"
            },
            "transform": {
                "position": [
                    0.0,
                    2.0,
                    0.0
                ],
                "rotation": [
                    0.0,
                    0.0,
                    0.0,
                    1.0
                ],
                "scale": [
                    2.0,
                    2.0,
                    2.0
                ]
            }
        }
    ]
}