{
    "cameras": [
        {
            "fov": 35.0,
            "front": [
                0.005646607838571072,
                -0.32468003034591675,
                0.9458070397377014
            ],
            "is_initialized": true,
            "name": "Generic_Camera",
            "position": [
                -0.20000000298023224,
                11.5,
                -33.5
            ],
            "rotation": {
                "pitch": -18.946189880371094,
                "yaw": 89.65794372558594
            },
            "sensitivity": 0.10000000149011612,
            "speed": 10.0,
            "up": [
                0.0,
                1.0,
                0.0
            ]
        }
    ],
    "id": 0,
    "name": "Default_Scene",
    "objects": [
        {
            "object": {
                "albedo": 0.0,
                "base_color": {
                    "a": 1.0,
                    "b": 0.800000011920929,
                    "g": 0.800000011920929,
                    "r": 0.800000011920929
                },
                "mesh": "models/Crate1.obj",
                "metallic": 0.0,
                "name": "Base_Scene_Floor",
                "roughness": 1.0,
                "shader": {
                    "frag": "shaders/base_frag_shader.spv",
                    "vert": "shaders/base_vert_shader.spv"
                },
                "textures": [],
                "type": "Mesh_Object",
                "uuid": "c6b3a7df258883bc46ddedde2273e7c1"
            },
            "transform": {
                "position": [
                    0.0,
                    0.0,
                    0.0
                ],
                "rotation": [
                    0.0,
                    0.0,
                    0.0,
                    1.0
                ],
                "scale": [
                    10.0,
                    0.5,
                    10.0
                ]
            }
        },
        {
            "object": {
                "albedo": 0.0,
                "base_color": {
                    "a": 1.0,
                    "b": 0.20000000298023224,
                    "g": 0.20000000298023224,
                    "r": 0.20000000298023224
                },
                "mesh": "models/Crate1.obj",
                "metallic": 0.0,
                "name": "Base_Scene_Cube",
                "roughness": 1.0,
                "shader": {
                    "frag": "shaders/base_frag_shader.spv",
                    "vert": "shaders/base_vert_shader.spv"
                },
                "textures": [],
                "type": "Mesh_Object",
                "uuid": "65115c2778b49b3326372c9e7c1f8339"
            },
            "transform": {
                "position": [
                    0.0,
                    2.0,
                    0.0
                ],
                "rotation": [
                    0.0,
                    0.0,
                    0.0,
                    1.0
                ],
                "scale": [
                    2.0,
                    2.0,
                    2.0
                ]
            }
        }
    ]
}